-- TIPO EVENTO

INSERT INTO campeonato.tipo_evento (descricao)
VALUES
('Gol'),
('Cartão Amarelo'),
('Cartão Vermelho');

-- TECNICOS

INSERT INTO campeonato.tecnico (nome, telefone) VALUES
('Abel Ferreira', '(16)99111-0001'),
('Renato Gaúcho', '(16)99111-0002'),
('Dorival Júnior', '(16)99111-0003'),
('Tite', '(16)99111-0004'),
('Mano Menezes', '(16)99111-0005'),
('Rogério Ceni', '(16)99111-0006'),
('Vanderlei Luxemburgo', '(16)99111-0007'),
('Fernando Diniz', '(16)99111-0008'),
('Cuca', '(16)99111-0009'),
('Felipão', '(16)99111-0010'),
('Thiago Carpini', '(16)99111-0011'),
('Roger Machado', '(16)99111-0012'),
('Zé Ricardo', '(16)99111-0013'),
('Jorginho', '(16)99111-0014'),
('Enderson Moreira', '(16)99111-0015'),
('Cláudio Tencati', '(16)99111-0016'),
('Mozart Santos', '(16)99111-0017'),
('Guto Ferreira', '(16)99111-0018'),
('Marcelo Cabo', '(16)99111-0019'),
('Jair Ventura', '(16)99111-0020'),
('Pep Guardiola', '(16)99111-0021'),
('Carlo Ancelotti', '(16)99111-0022'),
('Diego Simeone', '(16)99111-0023'),
('Jürgen Klopp', '(16)99111-0024'),
('Luis Enrique', '(16)99111-0025'),
('Mikel Arteta', '(16)99111-0026'),
('Xabi Alonso', '(16)99111-0027'),
('Simone Inzaghi', '(16)99111-0028'),
('Antonio Conte', '(16)99111-0029'),
('José Mourinho', '(16)99111-0030'),
('Unai Emery', '(16)99111-0031'),
('Thomas Tuchel', '(16)99111-0032'),
('Julian Nagelsmann', '(16)99111-0033'),
('Luciano Spalletti', '(16)99111-0034'),
('Massimiliano Allegri', '(16)99111-0035'),
('Erik ten Hag', '(16)99111-0036'),
('Didier Deschamps', '(16)99111-0037'),
('Lionel Scaloni', '(16)99111-0038'),
('Marcelo Bielsa', '(16)99111-0039'),
('Gustavo Alfaro', '(16)99111-0040'),
('Ramón Díaz', '(16)99111-0041'),
('Miguel Ángel Ramírez', '(16)99111-0042'),
('Hernán Crespo', '(16)99111-0043'),
('Jorge Jesus', '(16)99111-0044'),
('Paulo Sousa', '(16)99111-0045'),
('Rui Vitória', '(16)99111-0046'),
('Nuno Espírito Santo', '(16)99111-0047'),
('Sérgio Conceição', '(16)99111-0048'),
('Roberto Martínez', '(16)99111-0049'),
('Vicente del Bosque', '(16)99111-0050');

-- TIMES

INSERT INTO campeonato.time (nome, fk_tecnico) VALUES
('Palmeiras', 1),
('Grêmio', 2),
('Corinthians', 3),
('Flamengo', 4),
('Fluminense', 5),
('Bahia', 6),
('Santos', 7),
('Vasco da Gama', 8),
('Atlético Mineiro', 9),
('Cruzeiro', 10),
('São Paulo', 11),
('Internacional', 12),
('Fortaleza', 13),
('Botafogo', 14),
('Ceará', 15),
('Criciúma', 16),
('Mirassol', 17),
('Sport Recife', 18),
('Vitória', 19),
('Juventude', 20),
('Manchester City', 21),
('Real Madrid', 22),
('Atlético de Madrid', 23),
('Liverpool', 24),
('Paris Saint-Germain', 25),
('Arsenal', 26),
('Bayer Leverkusen', 27),
('Inter de Milão', 28),
('Napoli', 29),
('Fenerbahçe', 30),
('Aston Villa', 31),
('Bayern de Munique', 32),
('RB Leipzig', 33),
('Seleção Italiana', 34),
('Juventus', 35),
('Manchester United', 36),
('Seleção Francesa', 37),
('Seleção Argentina', 38),
('Seleção Uruguaia', 39),
('Seleção Paraguai', 40),
('River Plate', 41),
('Monterrey', 42),
('Al Ain', 43),
('Al Hilal', 44),
('Shabab Al Ahli', 45),
('Benfica', 46),
('Nottingham Forest', 47),
('Porto', 48),
('Seleção Portuguesa', 49),
('Seleção Espanhola', 50);

-- JOGADOR

INSERT INTO campeonato.jogador (nome, posicao, data_nascimento, fk_time) VALUES
('Weverton', 'Goleiro', '1987-12-13', 1),
('Gustavo Gómez', 'Zagueiro', '1993-05-06', 1),
('Raphael Veiga', 'Meia', '1995-06-19', 1),
('Braithwaite', 'Atacante', '1991-06-05', 2),
('Cristian Olivera', 'Atacante', '2002-04-17', 2),
('Yuri Alberto', 'Atacante', '2001-03-18', 3),
('Memphis Depay', 'Atacante', '1994-02-13', 3),
('Pedro', 'Atacante', '1997-06-20', 4),
('Arrascaeta', 'Meia', '1994-06-01', 4),
('Thiago Silva', 'Zagueiro', '1984-09-22', 5),
('Germán Cano', 'Atacante', '1988-01-02', 5),
('Everton Ribeiro', 'Meia', '1989-04-10', 6),
('Neymar Jr', 'Atacante', '1992-02-05', 7),
('Tiquinho Soares', 'Atacante', '1991-01-17', 8),
('Hulk', 'Atacante', '1986-07-25', 9),
('Paulinho', 'Atacante', '2000-07-15', 9),
('Matheus Pereira', 'Meia', '1996-05-05', 10),
('Lucas Moura', 'Atacante', '1992-08-13', 11),
('Alan Patrick', 'Meia', '1991-05-13', 12),
('Marinho', 'Atacante', '1990-05-29', 13),
('Igor Jesus', 'Atacante', '2001-02-25', 14),
('Aylon', 'Atacante', '1992-04-05', 15),
('Felipe Mateus', 'Meia', '1991-02-26', 16),
('Negueba', 'Atacante', '2000-08-12', 17),
('Lucas Lima', 'Meia', '1990-07-09', 18),
('Osvaldo', 'Atacante', '1987-04-11', 19),
('Nenê', 'Meia', '1981-07-19', 20),
('Erling Haaland', 'Atacante', '2000-07-21', 21),
('Kevin De Bruyne', 'Meia', '1991-06-28', 21),
('Kylian Mbappé', 'Atacante', '1998-12-20', 22),
('Vinicius Júnior', 'Atacante', '2000-07-12', 22),
('Antoine Griezmann', 'Atacante', '1991-03-21', 23),
('Mohamed Salah', 'Atacante', '1992-06-15', 24),
('Virgil van Dijk', 'Zagueiro', '1991-07-08', 24),
('Ousmane Dembélé', 'Atacante', '1997-05-15', 25),
('Bukayo Saka', 'Atacante', '2001-09-05', 26),
('Florian Wirtz', 'Meia', '2003-05-03', 27),
('Lautaro Martínez', 'Atacante', '1997-08-22', 28),
('Romelu Lukaku', 'Atacante', '1993-05-13', 29),
('Youssef En-Nesyri', 'Atacante', '1997-06-01', 30),
('Ollie Watkins', 'Atacante', '1995-12-30', 31),
('Harry Kane', 'Atacante', '1993-07-28', 32),
('Xavi Simons', 'Meia', '2003-04-21', 33),
('Gianluigi Donnarumma', 'Goleiro', '1999-02-25', 34),
('Dušan Vlahović', 'Atacante', '2000-01-28', 35),
('Bruno Fernandes', 'Meia', '1994-09-08', 36),
('Kylian Mbappé França', 'Atacante', '1998-12-20', 37),
('Lionel Messi', 'Atacante', '1987-06-24', 38),
('Federico Valverde', 'Meia', '1998-07-22', 39),
('Miguel Almirón', 'Meia', '1994-02-10', 40);

-- TELEFONE

INSERT INTO campeonato.telefone (numero, fk_jogador) VALUES
('(11)99991-0001', 1),
('(11)99991-0002', 2),
('(11)99991-0003', 3),
('(11)99991-0004', 4),
('(11)99991-0005', 5),
('(11)99991-0006', 6),
('(11)99991-0007', 7),
('(11)99991-0008', 8),
('(11)99991-0009', 9),
('(11)99991-0010', 10),
('(11)99991-0011', 11),
('(11)99991-0012', 12),
('(11)99991-0013', 13),
('(11)99991-0014', 14),
('(11)99991-0015', 15),
('(11)99991-0016', 16),
('(11)99991-0017', 17),
('(11)99991-0018', 18),
('(11)99991-0019', 19),
('(11)99991-0020', 20),
('(11)99991-0021', 21),
('(11)99991-0022', 22),
('(11)99991-0023', 23),
('(11)99991-0024', 24),
('(11)99991-0025', 25),
('(11)99991-0026', 26),
('(11)99991-0027', 27),
('(11)99991-0028', 28),
('(11)99991-0029', 29),
('(11)99991-0030', 30),
('(11)99991-0031', 31),
('(11)99991-0032', 32),
('(11)99991-0033', 33),
('(11)99991-0034', 34),
('(11)99991-0035', 35),
('(11)99991-0036', 36),
('(11)99991-0037', 37),
('(11)99991-0038', 38),
('(11)99991-0039', 39),
('(11)99991-0040', 40),
('(11)99991-0041', 41),
('(11)99991-0042', 42),
('(11)99991-0043', 43),
('(11)99991-0044', 44),
('(11)99991-0045', 45),
('(11)99991-0046', 46),
('(11)99991-0047', 47),
('(11)99991-0048', 48),
('(11)99991-0049', 49),
('(11)99991-0050', 50);

-- ESTADIO

INSERT INTO campeonato.estadio (endereco, cep, uf, cidade, capacidade) VALUES
('Allianz Parque - Rua Palestra Itália, 200', '05005-030', 'SP', 'São Paulo', 43713),
('Arena do Grêmio - Av. Padre Leopoldo Brentano, 110', '90250-590', 'RS', 'Porto Alegre', 55662),
('Neo Química Arena - Av. Miguel Ignácio Curi, 111', '08295-005', 'SP', 'São Paulo', 49205),
('Maracanã - Av. Pres. Castelo Branco, Portão 3', '20271-130', 'RJ', 'Rio de Janeiro', 78838),
('São Januário - Rua General Almério de Moura, 131', '20921-060', 'RJ', 'Rio de Janeiro', 21880),
('Arena Fonte Nova - Ladeira da Fonte das Pedras', '40050-565', 'BA', 'Salvador', 47915),
('Vila Belmiro - Rua Princesa Isabel, s/n', '11075-501', 'SP', 'Santos', 16068),
('Nilton Santos - Rua José dos Reis, 425', '20756-115', 'RJ', 'Rio de Janeiro', 46931),
('Arena MRV - Rua Cristina Maria de Assis', '30518-000', 'MG', 'Belo Horizonte', 46000),
('Mineirão - Av. Antônio Abrahão Caram, 1001', '31275-000', 'MG', 'Belo Horizonte', 61927),
('Morumbi - Praça Roberto Gomes Pedrosa, 1', '05653-070', 'SP', 'São Paulo', 66695),
('Beira-Rio - Av. Padre Cacique, 891', '90810-240', 'RS', 'Porto Alegre', 50128),
('Arena Castelão - Av. Alberto Craveiro, 2901', '60861-211', 'CE', 'Fortaleza', 63903),
('Estádio Nilton Santos Botafogo', '20756-115', 'RJ', 'Rio de Janeiro', 46931),
('Arena Castelão Ceará', '60861-211', 'CE', 'Fortaleza', 63903),
('Heriberto Hülse - Rua Treze de Maio, 1947', '88802-290', 'SC', 'Criciúma', 19225),
('José Maria de Campos Maia', '15130-000', 'SP', 'Mirassol', 15000),
('Ilha do Retiro - Rua Sport Club do Recife', '50750-560', 'PE', 'Recife', 32983),
('Barradão - Rua Artêmio Valente', '41215-000', 'BA', 'Salvador', 30000),
('Alfredo Jaconi - Rua Hércules Galló', '95020-260', 'RS', 'Caxias do Sul', 19924),
('Etihad Stadium', 'M11 3FF', 'EN', 'Manchester', 53400),
('Santiago Bernabéu', '28036', 'ES', 'Madrid', 81044),
('Metropolitano', '28055', 'ES', 'Madrid', 70460),
('Anfield', 'L4 0TH', 'EN', 'Liverpool', 61276),
('Parc des Princes', '75016', 'FR', 'Paris', 47929),
('Emirates Stadium', 'N5 1BU', 'EN', 'Londres', 60704),
('BayArena', '51373', 'DE', 'Leverkusen', 30210),
('San Siro', '20151', 'IT', 'Milão', 75817),
('Diego Armando Maradona', '80125', 'IT', 'Nápoles', 54726),
('Şükrü Saracoğlu', '34724', 'TR', 'Istambul', 50409),
('Villa Park', 'B6 6HE', 'EN', 'Birmingham', 42749),
('Allianz Arena', '80939', 'DE', 'Munique', 75000),
('Red Bull Arena', '04289', 'DE', 'Leipzig', 47069),
('Stadio Olimpico', '00135', 'IT', 'Roma', 70634),
('Allianz Stadium', '10151', 'IT', 'Turim', 41507),
('Old Trafford', 'M16 0RA', 'EN', 'Manchester', 74310),
('Stade de France', '93200', 'FR', 'Saint-Denis', 81338),
('Monumental', 'C1428', 'AR', 'Buenos Aires', 84567),
('Centenario', '11600', 'UY', 'Montevidéu', 60235),
('Defensores del Chaco', '00120', 'PY', 'Assunção', 42000),
('Más Monumental River Plate', 'C1428', 'AR', 'Buenos Aires', 84567),
('Estadio BBVA', '67100', 'MX', 'Monterrey', 53500),
('Hazza Bin Zayed Stadium', '00000', 'AE', 'Al Ain', 25000),
('Kingdom Arena', '11564', 'SA', 'Riade', 30000),
('Rashid Stadium', '00000', 'AE', 'Dubai', 18100),
('Estádio da Luz', '1500-313', 'PT', 'Lisboa', 64642),
('City Ground', 'NG2 5FJ', 'EN', 'Nottingham', 30445),
('Estádio do Dragão', '4350-415', 'PT', 'Porto', 50033),
('José Alvalade', '1600-616', 'PT', 'Lisboa', 50095),
('Camp Nou', '08028', 'ES', 'Barcelona', 99354);

-- PARTIDA

INSERT INTO campeonato.partida
(fk_estadio, fk_time_mandante, fk_time_visitante, placar_mandante, placar_visitante, data, horario)
VALUES
(1,1,2,2,1,'2025-01-15','16:00'),
(2,3,4,1,1,'2025-01-18','18:30'),
(3,5,6,3,2,'2025-01-20','20:00'),
(4,7,8,0,2,'2025-01-22','19:00'),
(5,9,10,1,0,'2025-01-25','16:00'),
(6,11,12,2,2,'2025-01-28','20:30'),
(7,13,14,1,3,'2025-02-01','18:00'),
(8,15,16,0,0,'2025-02-03','16:00'),
(9,17,18,2,1,'2025-02-05','19:30'),
(10,19,20,1,2,'2025-02-08','17:00'),
(11,21,22,3,3,'2025-02-10','16:00'),
(12,23,24,0,1,'2025-02-12','20:00'),
(13,25,26,2,0,'2025-02-15','18:30'),
(14,27,28,1,1,'2025-02-17','19:00'),
(15,29,30,2,1,'2025-02-19','20:00'),
(16,31,32,0,4,'2025-02-22','16:00'),
(17,33,34,1,2,'2025-02-24','18:00'),
(18,35,36,2,2,'2025-02-26','20:30'),
(19,37,38,1,0,'2025-03-01','17:00'),
(20,39,40,3,1,'2025-03-03','19:00'),
(21,41,42,2,2,'2025-03-05','18:00'),
(22,43,44,0,1,'2025-03-08','20:00'),
(23,45,46,1,1,'2025-03-10','19:30'),
(24,47,48,2,0,'2025-03-12','16:00'),
(25,49,50,1,3,'2025-03-15','18:30'),
(26,2,1,2,2,'2025-03-17','20:00'),
(27,4,3,0,1,'2025-03-19','16:00'),
(28,6,5,1,0,'2025-03-22','18:00'),
(29,8,7,3,2,'2025-03-24','20:30'),
(30,10,9,1,1,'2025-03-26','17:00'),
(31,12,11,2,0,'2025-03-29','16:00'),
(32,14,13,0,0,'2025-03-31','19:00'),
(33,16,15,2,1,'2025-04-02','18:00'),
(34,18,17,1,2,'2025-04-05','20:00'),
(35,20,19,3,1,'2025-04-07','17:00'),
(36,22,21,2,3,'2025-04-09','19:30'),
(37,24,23,1,0,'2025-04-12','16:00'),
(38,26,25,2,2,'2025-04-14','18:30'),
(39,28,27,0,1,'2025-04-16','20:00'),
(40,30,29,1,1,'2025-04-19','17:00'),
(41,32,31,4,2,'2025-04-21','19:00'),
(42,34,33,1,0,'2025-04-23','18:00'),
(43,36,35,2,1,'2025-04-26','20:30'),
(44,38,37,3,2,'2025-04-28','16:00'),
(45,40,39,0,0,'2025-04-30','18:30'),
(46,42,41,2,1,'2025-05-03','20:00'),
(47,44,43,1,3,'2025-05-05','17:00'),
(48,46,45,2,2,'2025-05-07','19:00'),
(49,48,47,1,0,'2025-05-10','18:00'),
(50,50,49,3,1,'2025-05-12','20:30');

-- PARTICIPACAO_TIME

INSERT INTO campeonato.participacao_time (fk_time, fk_partida, tipo_participacao)
VALUES
(1,1,'Mandante'),
(2,1,'Visitante'),
(3,2,'Mandante'),
(4,2,'Visitante'),
(5,3,'Mandante'),
(6,3,'Visitante'),
(7,4,'Mandante'),
(8,4,'Visitante'),
(9,5,'Mandante'),
(10,5,'Visitante'),
(11,6,'Mandante'),
(12,6,'Visitante'),
(13,7,'Mandante'),
(14,7,'Visitante'),
(15,8,'Mandante'),
(16,8,'Visitante'),
(17,9,'Mandante'),
(18,9,'Visitante'),
(19,10,'Mandante'),
(20,10,'Visitante'),
(21,11,'Mandante'),
(22,11,'Visitante'),
(23,12,'Mandante'),
(24,12,'Visitante'),
(25,13,'Mandante'),
(26,13,'Visitante'),
(27,14,'Mandante'),
(28,14,'Visitante'),
(29,15,'Mandante'),
(30,15,'Visitante'),
(31,16,'Mandante'),
(32,16,'Visitante'),
(33,17,'Mandante'),
(34,17,'Visitante'),
(35,18,'Mandante'),
(36,18,'Visitante'),
(37,19,'Mandante'),
(38,19,'Visitante'),
(39,20,'Mandante'),
(40,20,'Visitante'),
(41,21,'Mandante'),
(42,21,'Visitante'),
(43,22,'Mandante'),
(44,22,'Visitante'),
(45,23,'Mandante'),
(46,23,'Visitante'),
(47,24,'Mandante'),
(48,24,'Visitante'),
(49,25,'Mandante'),
(50,25,'Visitante'),
(2,26,'Mandante'),
(1,26,'Visitante'),
(4,27,'Mandante'),
(3,27,'Visitante'),
(6,28,'Mandante'),
(5,28,'Visitante'),
(8,29,'Mandante'),
(7,29,'Visitante'),
(10,30,'Mandante'),
(9,30,'Visitante'),
(12,31,'Mandante'),
(11,31,'Visitante'),
(14,32,'Mandante'),
(13,32,'Visitante'),
(16,33,'Mandante'),
(15,33,'Visitante'),
(18,34,'Mandante'),
(17,34,'Visitante'),
(20,35,'Mandante'),
(19,35,'Visitante'),
(22,36,'Mandante'),
(21,36,'Visitante'),
(24,37,'Mandante'),
(23,37,'Visitante'),
(26,38,'Mandante'),
(25,38,'Visitante'),
(28,39,'Mandante'),
(27,39,'Visitante'),
(30,40,'Mandante'),
(29,40,'Visitante'),
(32,41,'Mandante'),
(31,41,'Visitante'),
(34,42,'Mandante'),
(33,42,'Visitante'),
(36,43,'Mandante'),
(35,43,'Visitante'),
(38,44,'Mandante'),
(37,44,'Visitante'),
(40,45,'Mandante'),
(39,45,'Visitante'),
(42,46,'Mandante'),
(41,46,'Visitante'),
(44,47,'Mandante'),
(43,47,'Visitante'),
(46,48,'Mandante'),
(45,48,'Visitante'),
(48,49,'Mandante'),
(47,49,'Visitante'),
(50,50,'Mandante'),
(49,50,'Visitante');

-- PARTICIPACAO_JOG

INSERT INTO campeonato.participacao_jog
(fk_partida, fk_jogador, fk_tipo_evento, minuto)
VALUES
(1,3,1,15),
(1,4,1,67),
(1,2,2,42),
(2,8,1,23),
(2,6,2,51),
(2,7,3,88),
(3,10,1,12),
(3,11,1,70),
(3,9,2,35),
(4,13,1,80),
(4,14,2,55),
(4,13,3,90),
(5,15,1,33),
(5,16,1,74),
(5,17,2,28),
(6,18,1,18),
(6,19,2,60),
(6,20,1,82),
(7,21,1,14),
(7,22,2,49),
(7,23,1,77),
(8,24,2,41),
(8,25,3,85),
(8,24,1,66),
(9,26,1,21),
(9,27,2,63),
(9,28,1,79),
(10,29,1,39),
(10,30,2,58),
(10,29,1,87),
(11,31,1,11),
(11,32,2,52),
(11,33,1,73),
(12,34,2,44),
(12,35,1,69),
(12,36,3,90),
(13,37,1,16),
(13,38,1,61),
(13,39,2,75),
(14,40,1,27),
(14,41,2,64),
(14,42,1,83),
(15,43,1,32),
(15,44,3,56),
(15,45,2,78),
(16,46,1,19),
(16,47,2,48),
(16,48,1,81),
(17,49,1,13),
(17,50,2,70),
(18,1,1,17),
(18,2,2,39),
(18,3,1,88),
(19,4,1,25),
(19,5,2,54),
(19,4,1,90),
(20,6,1,30),
(20,7,3,72),
(20,8,2,84),
(21,9,1,22),
(21,10,2,43),
(21,11,1,76),
(22,12,1,29),
(22,13,2,67),
(22,14,3,89),
(23,15,1,15),
(23,16,1,58),
(23,17,2,74),
(24,18,1,24),
(24,19,2,45),
(24,20,1,80),
(25,21,1,10),
(25,22,3,59),
(25,23,2,83),
(26,24,1,26),
(26,25,2,64),
(26,26,1,87),
(27,27,1,19),
(27,28,2,57),
(27,29,1,79),
(28,30,1,31),
(28,31,2,62),
(28,32,3,90),
(29,33,1,20),
(29,34,2,47),
(29,35,1,81),
(30,36,1,28),
(30,37,2,66),
(30,38,1,85),
(31,39,1,12),
(31,40,2,51),
(31,41,1,74),
(32,42,1,17),
(32,43,3,68),
(32,44,2,82),
(33,45,1,23),
(33,46,2,56),
(33,47,1,88),
(34,48,1,21),
(34,49,2,60),
(34,50,1,79),
(35,1,2,35),
(35,2,1,69),
(35,3,1,86),
(36,4,1,14),
(36,5,2,46),
(36,6,1,83),
(37,7,1,18),
(37,8,2,59),
(37,9,3,90),
(38,10,1,27),
(38,11,2,55),
(38,12,1,77),
(39,13,1,16),
(39,14,2,49),
(39,15,1,82),
(40,16,1,29),
(40,17,3,63),
(40,18,2,84),
(41,19,1,25),
(41,20,2,52),
(41,21,1,80),
(42,22,1,13),
(42,23,2,45),
(42,24,1,87),
(43,25,1,22),
(43,26,2,61),
(43,27,1,89),
(44,28,1,18),
(44,29,3,71),
(44,30,2,85),
(45,31,1,24),
(45,32,2,57),
(45,33,1,78),
(46,34,1,20),
(46,35,2,54),
(46,36,1,90),
(47,37,1,11),
(47,38,2,50),
(47,39,1,73),
(48,40,1,19),
(48,41,3,66),
(48,42,2,81),
(49,43,1,26),
(49,44,2,58),
(49,45,1,84),
(50,46,1,15),
(50,47,2,47),
(50,48,1,88);

